"Dossier_ID","Gemeente","X","Y","OBJECTID","GlobalID","Laatst_Bewerkt_Datum","p_field","p_key","p_value"
320690000,"Berlare",120291.93610794,189681.04629798,1900,"E76A2298-603A-4F3A-BEAD-8B705FDB6AE0",2022-07-12 10:29:45.000000,"p_waarneming","Vastgesteld (in m²)",2
320690000,"Berlare",120291.93610794,189681.04629798,1900,"E76A2298-603A-4F3A-BEAD-8B705FDB6AE0",2022-07-12 10:29:45.000000,"p_waarneming","",
320690000,"Berlare",120291.93610794,189681.04629798,1900,"E76A2298-603A-4F3A-BEAD-8B705FDB6AE0",2022-07-12 10:29:45.000000,"p_actie","Volledig traject behandeld",1
320690000,"Berlare",120291.93610794,189681.04629798,1900,"E76A2298-603A-4F3A-BEAD-8B705FDB6AE0",2022-07-12 10:29:45.000000,"p_actie","",
320640000,"Berlare",126335.13020603,191566.40259802,1901,"5F20A03D-2541-48CE-B0EE-E21BD27050B6",2022-07-12 11:06:52.000000,"p_waarneming","Vastgesteld (in m²)",1
320640000,"Berlare",126335.13020603,191566.40259802,1901,"5F20A03D-2541-48CE-B0EE-E21BD27050B6",2022-07-12 11:06:52.000000,"p_waarneming","",
320640000,"Berlare",126335.13020603,191566.40259802,1901,"5F20A03D-2541-48CE-B0EE-E21BD27050B6",2022-07-12 11:06:52.000000,"p_actie","Volledig traject behandeld",1
320640000,"Berlare",126335.13020603,191566.40259802,1901,"5F20A03D-2541-48CE-B0EE-E21BD27050B6",2022-07-12 11:06:52.000000,"p_actie","",
320690000,"Berlare",120291.93570794,189681.04679798,2630,"5D613559-DB15-4974-9294-C5E386511625",2022-09-09 11:26:52.000000,"p_waarneming","Vastgesteld (in m²)",2
320690000,"Berlare",120291.93570794,189681.04679798,2630,"5D613559-DB15-4974-9294-C5E386511625",2022-09-09 11:26:52.000000,"p_waarneming","",
320690000,"Berlare",120291.93570794,189681.04679798,2630,"5D613559-DB15-4974-9294-C5E386511625",2022-09-09 11:26:52.000000,"p_actie","Volledig traject behandeld",1
320690000,"Berlare",120291.93570794,189681.04679798,2630,"5D613559-DB15-4974-9294-C5E386511625",2022-09-09 11:26:52.000000,"p_actie","",
320640000,"Berlare",126335.12980603,191566.40309802,3026,"46BC8EDA-2EEF-4B11-865E-16F8576BB2F6",2022-09-22 10:58:55.000000,"p_waarneming","Vastgesteld (in m²)",1
320640000,"Berlare",126335.12980603,191566.40309802,3026,"46BC8EDA-2EEF-4B11-865E-16F8576BB2F6",2022-09-22 10:58:55.000000,"p_waarneming","",
320640000,"Berlare",126335.12980603,191566.40309802,3026,"46BC8EDA-2EEF-4B11-865E-16F8576BB2F6",2022-09-22 10:58:55.000000,"p_actie","",
320690000,"Berlare",120291.93530794,189681.04729798,3027,"384B4715-A516-4AD6-97B3-2031ED8FEC03",2022-09-22 11:01:45.000000,"p_waarneming","Vastgesteld (in m²)",2
320690000,"Berlare",120291.93530794,189681.04729798,3027,"384B4715-A516-4AD6-97B3-2031ED8FEC03",2022-09-22 11:01:45.000000,"p_waarneming","",
320690000,"Berlare",120291.93530794,189681.04729798,3027,"384B4715-A516-4AD6-97B3-2031ED8FEC03",2022-09-22 11:01:45.000000,"p_actie","",
346340000,"Berlare",122803.31080722,191128.19029778,4874,"ED0CD370-1B23-4DFC-87E6-3133301A2598",2022-10-14 14:08:30.000000,"p_waarneming","Vastgesteld (in m²)",12
346340000,"Berlare",122803.31080722,191128.19029778,4874,"ED0CD370-1B23-4DFC-87E6-3133301A2598",2022-10-14 14:08:30.000000,"p_waarneming","",
346340000,"Berlare",122803.31080722,191128.19029778,4874,"ED0CD370-1B23-4DFC-87E6-3133301A2598",2022-10-14 14:08:30.000000,"p_actie","Deel traject behandeld",1
346340000,"Berlare",122803.31080722,191128.19029778,4874,"ED0CD370-1B23-4DFC-87E6-3133301A2598",2022-10-14 14:08:30.000000,"p_actie","",
413370000,"Temse",134079.06293295,200010.41397349,34857,"60178F32-38E9-4A6D-A71E-3EC4597C76B8",2023-05-15 09:51:26.000000,"p_waarneming","Vastgesteld (in m²)",5
413370000,"Temse",134079.06293295,200010.41397349,34857,"60178F32-38E9-4A6D-A71E-3EC4597C76B8",2023-05-15 09:51:26.000000,"p_waarneming","",
413710000,"Temse",134112.04045865,200178.76414319,34858,"CC696411-6A49-4DC9-8BD7-B66DB22E4F9D",2023-05-15 09:51:51.000000,"p_waarneming","Vastgesteld (in m²)",1
413710000,"Temse",134112.04045865,200178.76414319,34858,"CC696411-6A49-4DC9-8BD7-B66DB22E4F9D",2023-05-15 09:51:51.000000,"p_waarneming","",
413720000,"Temse",134074.040146,200175.7093937,34859,"4BA32FE6-700F-481F-8EEB-955FBAA5F7E6",2023-05-15 09:52:15.000000,"p_waarneming","Vastgesteld (in m²)",2
413720000,"Temse",134074.040146,200175.7093937,34859,"4BA32FE6-700F-481F-8EEB-955FBAA5F7E6",2023-05-15 09:52:15.000000,"p_waarneming","",
413750000,"Temse",134067.76209778,199968.25734858,34861,"E428C6B2-29A6-461E-B2C2-82D1087869DE",2023-05-15 09:52:39.000000,"p_waarneming","Vastgesteld (in m²)",7
413750000,"Temse",134067.76209778,199968.25734858,34861,"E428C6B2-29A6-461E-B2C2-82D1087869DE",2023-05-15 09:52:39.000000,"p_waarneming","",
413760000,"Temse",134126.75230722,199807.82112608,34864,"96DB6626-815B-4ED5-8E27-24C1F351B8C9",2023-05-15 09:53:05.000000,"p_waarneming","Vastgesteld (in m²)",12
413760000,"Temse",134126.75230722,199807.82112608,34864,"96DB6626-815B-4ED5-8E27-24C1F351B8C9",2023-05-15 09:53:05.000000,"p_waarneming","",
413770000,"Temse",134121.54655108,199721.9738552,34865,"1AE17180-082A-429C-BEEA-AC4F08CB7328",2023-05-15 09:53:27.000000,"p_waarneming","Vastgesteld (in m²)",1
413770000,"Temse",134121.54655108,199721.9738552,34865,"1AE17180-082A-429C-BEEA-AC4F08CB7328",2023-05-15 09:53:27.000000,"p_waarneming","",
413790000,"Temse",134130.84472535,199619.83990661,34867,"2641EB79-F12F-486C-AB36-E59CB0F5128D",2023-05-15 09:54:21.000000,"p_waarneming","Vastgesteld (in m²)",5
413790000,"Temse",134130.84472535,199619.83990661,34867,"2641EB79-F12F-486C-AB36-E59CB0F5128D",2023-05-15 09:54:21.000000,"p_waarneming","",
413780000,"Waasmunster",134068.61623066,199647.1524453,34866,"CA48C8CE-CF9F-450D-8635-66F2B66337CA",2023-05-15 09:53:55.000000,"p_waarneming","Vastgesteld (in m²)",6
413780000,"Waasmunster",134068.61623066,199647.1524453,34866,"CA48C8CE-CF9F-450D-8635-66F2B66337CA",2023-05-15 09:53:55.000000,"p_waarneming","",
413800000,"Waasmunster",134162.54862669,199651.5277998,34868,"D72DE109-6026-4508-A15B-D214BD8E61A3",2023-05-15 09:54:43.000000,"p_waarneming","Vastgesteld (in m²)",4
413800000,"Waasmunster",134162.54862669,199651.5277998,34868,"D72DE109-6026-4508-A15B-D214BD8E61A3",2023-05-15 09:54:43.000000,"p_waarneming","",
346340000,"Berlare",122803.31080722,191128.19029778,35154,"99F25AD7-96F7-474B-97BB-FC7BBC880B7A",2023-05-15 15:41:23.000000,"p_waarneming","Vastgesteld (in m²)",12
346340000,"Berlare",122803.31080722,191128.19029778,35154,"99F25AD7-96F7-474B-97BB-FC7BBC880B7A",2023-05-15 15:41:23.000000,"p_waarneming","",
320640000,"Berlare",126335.12980603,191566.40309802,35155,"744EF912-0900-47EF-BADC-682C2C0B6BE9",2023-05-15 16:10:44.000000,"p_waarneming","Vastgesteld (in m²)",1
320640000,"Berlare",126335.12980603,191566.40309802,35155,"744EF912-0900-47EF-BADC-682C2C0B6BE9",2023-05-15 16:10:44.000000,"p_waarneming","",
320640000,"Berlare",126335.12900603,191566.40409802,35156,"D75CC562-3715-4296-B071-0395518306C9",2023-05-15 16:11:45.000000,"p_waarneming","Vastgesteld (in m²)",1
320640000,"Berlare",126335.12900603,191566.40409802,35156,"D75CC562-3715-4296-B071-0395518306C9",2023-05-15 16:11:45.000000,"p_waarneming","",
320690000,"Berlare",120291.93530794,189681.04729798,35157,"0023D991-2B60-4B7E-A81F-F6357201DF2B",2023-05-15 16:15:57.000000,"p_waarneming","Vastgesteld (in m²)",2
320690000,"Berlare",120291.93530794,189681.04729798,35157,"0023D991-2B60-4B7E-A81F-F6357201DF2B",2023-05-15 16:15:57.000000,"p_waarneming","",
320640000,"Berlare",126335.12900603,191566.40409802,35534,"48704BBB-39B0-4030-BA75-F630AC072CCC",2023-05-17 09:09:30.000000,"p_waarneming","Vastgesteld (in m²)",1
320640000,"Berlare",126335.12900603,191566.40409802,35534,"48704BBB-39B0-4030-BA75-F630AC072CCC",2023-05-17 09:09:30.000000,"p_waarneming","",
320640000,"Berlare",126335.12900603,191566.40409802,35534,"48704BBB-39B0-4030-BA75-F630AC072CCC",2023-05-17 09:09:30.000000,"p_actie","Volledig traject behandeld",1
320640000,"Berlare",126335.12900603,191566.40409802,35534,"48704BBB-39B0-4030-BA75-F630AC072CCC",2023-05-17 09:09:30.000000,"p_actie","",
377490000,"Gent",104494.25011422,196692.03749395,35724,"43C96A98-4860-4E75-9157-746C9B858393",2023-05-22 06:46:50.000000,"p_waarneming","Niet vastgesteld",1
377490000,"Gent",104494.25011422,196692.03749395,35724,"43C96A98-4860-4E75-9157-746C9B858393",2023-05-22 06:46:50.000000,"p_waarneming","",
377490000,"Gent",104494.25011422,196692.03749395,35724,"43C96A98-4860-4E75-9157-746C9B858393",2023-05-22 06:46:50.000000,"p_actie","Volledig traject behandeld",1
377490000,"Gent",104494.25011422,196692.03749395,35724,"43C96A98-4860-4E75-9157-746C9B858393",2023-05-22 06:46:50.000000,"p_actie","",
377490000,"Gent",104494.25011422,196692.03749395,40967,"D01902C4-C4DF-4273-A3A3-FA66DAF703E0",2023-06-21 08:19:32.000000,"p_waarneming","Niet vastgesteld",1
377490000,"Gent",104494.25011422,196692.03749395,40967,"D01902C4-C4DF-4273-A3A3-FA66DAF703E0",2023-06-21 08:19:32.000000,"p_waarneming","",
377490000,"Gent",104494.25011422,196692.03749395,40967,"D01902C4-C4DF-4273-A3A3-FA66DAF703E0",2023-06-21 08:19:32.000000,"p_actie","Deel traject behandeld",1
377490000,"Gent",104494.25011422,196692.03749395,40967,"D01902C4-C4DF-4273-A3A3-FA66DAF703E0",2023-06-21 08:19:32.000000,"p_actie","",
320640000,"Berlare",126335.12900603,191566.40409802,45302,"45D5CF2D-968E-4204-BDDD-932C1EFB1A72",2023-07-20 05:30:45.000000,"p_waarneming","Vastgesteld (in m²)",1
320640000,"Berlare",126335.12900603,191566.40409802,45302,"45D5CF2D-968E-4204-BDDD-932C1EFB1A72",2023-07-20 05:30:45.000000,"p_waarneming","",
320640000,"Berlare",126335.12900603,191566.40409802,45302,"45D5CF2D-968E-4204-BDDD-932C1EFB1A72",2023-07-20 05:30:45.000000,"p_actie","Volledig traject behandeld",1
320640000,"Berlare",126335.12900603,191566.40409802,45302,"45D5CF2D-968E-4204-BDDD-932C1EFB1A72",2023-07-20 05:30:45.000000,"p_actie","",
377490000,"Gent",104494.25011422,196692.03749395,45354,"6E867E13-1624-4FE1-978E-EC3190C47B43",2023-07-20 07:47:28.000000,"p_waarneming","Niet vastgesteld",1
377490000,"Gent",104494.25011422,196692.03749395,45354,"6E867E13-1624-4FE1-978E-EC3190C47B43",2023-07-20 07:47:28.000000,"p_waarneming","",
377490000,"Gent",104494.25011422,196692.03749395,45354,"6E867E13-1624-4FE1-978E-EC3190C47B43",2023-07-20 07:47:28.000000,"p_actie","Volledig traject behandeld",1
377490000,"Gent",104494.25011422,196692.03749395,45354,"6E867E13-1624-4FE1-978E-EC3190C47B43",2023-07-20 07:47:28.000000,"p_actie","",
434770000,"Dendermonde",133812.1181253,192313.12115097,46731,"F6EC4BC3-464E-4039-8F08-0BB30605BE9D",2023-08-01 08:44:59.000000,"p_waarneming","Vastgesteld (in m²)",6
434770000,"Dendermonde",133812.1181253,192313.12115097,46731,"F6EC4BC3-464E-4039-8F08-0BB30605BE9D",2023-08-01 08:44:59.000000,"p_waarneming","",
434790000,"Dendermonde",133810.99001157,192268.01025097,46759,"E235A945-33F2-4A8A-B47D-7CB668B72111",2023-08-01 09:54:15.000000,"p_waarneming","Vastgesteld (in m²)",20
434790000,"Dendermonde",133810.99001157,192268.01025097,46759,"E235A945-33F2-4A8A-B47D-7CB668B72111",2023-08-01 09:54:15.000000,"p_waarneming","",
434920000,"Dendermonde",134404.82419117,192373.61343457,46767,"C533071D-54F4-496D-BE5D-8CA6637D220D",2023-08-01 11:21:46.000000,"p_waarneming","Vastgesteld (in m²)",1
434920000,"Dendermonde",134404.82419117,192373.61343457,46767,"C533071D-54F4-496D-BE5D-8CA6637D220D",2023-08-01 11:21:46.000000,"p_waarneming","",
434960000,"Dendermonde",134987.9536442,192467.36702314,46783,"3E53905A-659D-4239-AD6B-9F4CBFFDA78C",2023-08-01 11:57:28.000000,"p_waarneming","Vastgesteld (in m²)",10
434960000,"Dendermonde",134987.9536442,192467.36702314,46783,"3E53905A-659D-4239-AD6B-9F4CBFFDA78C",2023-08-01 11:57:28.000000,"p_waarneming","",
434970000,"Dendermonde",135042.9070677,192449.89568243,46787,"0FDB65F3-95A5-4227-AA91-32AAF3CC4962",2023-08-01 11:59:41.000000,"p_waarneming","Vastgesteld (in m²)",10
434970000,"Dendermonde",135042.9070677,192449.89568243,46787,"0FDB65F3-95A5-4227-AA91-32AAF3CC4962",2023-08-01 11:59:41.000000,"p_waarneming","",
434910000,"Dendermonde",133761.59094426,192276.30693559,46825,"DDB35519-E620-4FB6-8A51-A6AB35061314",2023-08-01 13:30:22.000000,"p_waarneming","Vastgesteld (in m²)",10
434910000,"Dendermonde",133761.59094426,192276.30693559,46825,"DDB35519-E620-4FB6-8A51-A6AB35061314",2023-08-01 13:30:22.000000,"p_waarneming","",
440650000,"Evergem",106116.61689894,203822.86238299,49997,"A8572681-5B63-4D97-BEC8-74F9E7A52EAC",2023-08-22 10:21:20.000000,"p_waarneming","Vastgesteld (in m²)",1
440650000,"Evergem",106116.61689894,203822.86238299,49997,"A8572681-5B63-4D97-BEC8-74F9E7A52EAC",2023-08-22 10:21:20.000000,"p_waarneming","",
377490000,"Gent",104494.25011422,196692.03749395,50068,"385F4983-03FC-420A-90A7-0DE3A8105263",2023-08-22 12:51:18.000000,"p_waarneming","Niet vastgesteld",1
377490000,"Gent",104494.25011422,196692.03749395,50068,"385F4983-03FC-420A-90A7-0DE3A8105263",2023-08-22 12:51:18.000000,"p_waarneming","",
377490000,"Gent",104494.25011422,196692.03749395,50068,"385F4983-03FC-420A-90A7-0DE3A8105263",2023-08-22 12:51:18.000000,"p_actie","Volledig traject behandeld",1
377490000,"Gent",104494.25011422,196692.03749395,50068,"385F4983-03FC-420A-90A7-0DE3A8105263",2023-08-22 12:51:18.000000,"p_actie","",
320850000,"Lievegem",96981.19191784,206200.54259003,51669,"A99C92D5-1312-4349-8104-33386BE5A728",2023-08-30 05:57:50.000000,"p_waarneming","Niet vastgesteld",1
320850000,"Lievegem",96981.19191784,206200.54259003,51669,"A99C92D5-1312-4349-8104-33386BE5A728",2023-08-30 05:57:50.000000,"p_waarneming","",
320640000,"Berlare",126335.12740603,191566.40609802,51667,"B1D1305A-3475-441D-A6A9-637F47894CF9",2023-08-30 05:56:46.000000,"p_waarneming","",
320640000,"Berlare",126335.12740603,191566.40609802,51667,"B1D1305A-3475-441D-A6A9-637F47894CF9",2023-08-30 05:56:46.000000,"p_actie","",
320850000,"Lievegem",96981.19191784,206200.54259003,54820,"458F11D6-8DDD-45F5-8DD5-EDC7D987E1A5",2023-09-13 10:56:09.000000,"p_waarneming","Niet vastgesteld",1
320850000,"Lievegem",96981.19191784,206200.54259003,54820,"458F11D6-8DDD-45F5-8DD5-EDC7D987E1A5",2023-09-13 10:56:09.000000,"p_waarneming","",
320850000,"Lievegem",96981.19191784,206200.54259003,54820,"458F11D6-8DDD-45F5-8DD5-EDC7D987E1A5",2023-09-13 10:56:09.000000,"p_actie","Volledig traject behandeld",1
320850000,"Lievegem",96981.19191784,206200.54259003,54820,"458F11D6-8DDD-45F5-8DD5-EDC7D987E1A5",2023-09-13 10:56:09.000000,"p_actie","",
320850000,"Lievegem",96981.19191784,206200.54259003,60942,"4D6E99A5-A148-461E-A4FF-0922E3117A95",2023-10-12 07:58:31.000000,"p_waarneming","Niet vastgesteld",1
320850000,"Lievegem",96981.19191784,206200.54259003,60942,"4D6E99A5-A148-461E-A4FF-0922E3117A95",2023-10-12 07:58:31.000000,"p_waarneming","",
320850000,"Lievegem",96981.19191784,206200.54259003,60942,"4D6E99A5-A148-461E-A4FF-0922E3117A95",2023-10-12 07:58:31.000000,"p_actie","Volledig traject behandeld",1
320850000,"Lievegem",96981.19191784,206200.54259003,60942,"4D6E99A5-A148-461E-A4FF-0922E3117A95",2023-10-12 07:58:31.000000,"p_actie","",
461281022,"Eeklo",94885.99174423,206820.3906102,64590,"C4C3F02C-18CF-46C9-8001-FFAA7A031023",2023-10-27 08:01:31.000000,"p_waarneming","Vastgesteld (in m²)",1
461281022,"Eeklo",94885.99174423,206820.3906102,64590,"C4C3F02C-18CF-46C9-8001-FFAA7A031023",2023-10-27 08:01:31.000000,"p_waarneming","",
461281022,"Eeklo",94885.99174423,206820.3906102,64590,"C4C3F02C-18CF-46C9-8001-FFAA7A031023",2023-10-27 08:01:31.000000,"p_actie","Volledig traject behandeld",1
461281022,"Eeklo",94885.99174423,206820.3906102,64590,"C4C3F02C-18CF-46C9-8001-FFAA7A031023",2023-10-27 08:01:31.000000,"p_actie","",
267340000,"Lochristi",115631.26191141,206639.14649191,82318,"77C114FE-9B05-4814-BC52-25AF106A21F8",2021-11-18 07:23:08.000000,"p_waarneming","Vastgesteld (in m²)",30
267340000,"Lochristi",115631.26191141,206639.14649191,82318,"77C114FE-9B05-4814-BC52-25AF106A21F8",2021-11-18 07:23:08.000000,"p_waarneming","",
267340000,"Lochristi",115631.26191141,206639.14649191,82318,"77C114FE-9B05-4814-BC52-25AF106A21F8",2021-11-18 07:23:08.000000,"p_actie","",
327640000,"Geraardsbergen",118780.27860516,159389.58010782,114798,"226D5DD8-340A-4929-9FB6-2A7D7043E534",2022-05-31 07:56:57.000000,"p_waarneming","Vastgesteld (in m²)",20
327640000,"Geraardsbergen",118780.27860516,159389.58010782,114798,"226D5DD8-340A-4929-9FB6-2A7D7043E534",2022-05-31 07:56:57.000000,"p_waarneming","",
327640000,"Geraardsbergen",118780.27860516,159389.58010782,114798,"226D5DD8-340A-4929-9FB6-2A7D7043E534",2022-05-31 07:56:57.000000,"p_actie","",
327640000,"Geraardsbergen",118780.27780516,159389.58110783,115115,"E3A77FC5-608D-42DA-BA06-33666C634FF9",2022-06-02 10:19:48.000000,"p_waarneming","Vastgesteld (in m²)",20
327640000,"Geraardsbergen",118780.27780516,159389.58110783,115115,"E3A77FC5-608D-42DA-BA06-33666C634FF9",2022-06-02 10:19:48.000000,"p_waarneming","",
327640000,"Geraardsbergen",118780.27780516,159389.58110783,115115,"E3A77FC5-608D-42DA-BA06-33666C634FF9",2022-06-02 10:19:48.000000,"p_actie","",
320690000,"Berlare",120291.93650794,189681.04579798,115162,"24B99831-CD83-4482-8539-AD9753027E9C",2022-06-02 13:08:47.000000,"p_waarneming","Vastgesteld (in m²)",2
320690000,"Berlare",120291.93650794,189681.04579798,115162,"24B99831-CD83-4482-8539-AD9753027E9C",2022-06-02 13:08:47.000000,"p_waarneming","",
320690000,"Berlare",120291.93650794,189681.04579798,115162,"24B99831-CD83-4482-8539-AD9753027E9C",2022-06-02 13:08:47.000000,"p_actie","Volledig traject behandeld",1
320690000,"Berlare",120291.93650794,189681.04579798,115162,"24B99831-CD83-4482-8539-AD9753027E9C",2022-06-02 13:08:47.000000,"p_actie","",
530421044,"Dendermonde",134494.22265146,192465.07120641,164575,"D66EB419-0E63-410B-85B0-A1C7F8387D52",2024-04-29 13:41:06.000000,"p_waarneming","Vastgesteld (in m²)",40
530421044,"Dendermonde",134494.22265146,192465.07120641,164575,"D66EB419-0E63-410B-85B0-A1C7F8387D52",2024-04-29 13:41:06.000000,"p_waarneming","",
530441044,"Dendermonde",133807.79960489,192253.07765673,164576,"BA4B10DE-D9CD-46F2-ACF4-3290A4A71A6A",2024-04-29 13:41:42.000000,"p_waarneming","Vastgesteld (in m²)",200
530441044,"Dendermonde",133807.79960489,192253.07765673,164576,"BA4B10DE-D9CD-46F2-ACF4-3290A4A71A6A",2024-04-29 13:41:42.000000,"p_waarneming","",
320850000,"Lievegem",96981.19191784,206200.54259003,165624,"07EDA1CB-C492-468A-8C4A-9F8514584268",2024-05-06 14:36:24.000000,"p_waarneming","Niet vastgesteld",1
320850000,"Lievegem",96981.19191784,206200.54259003,165624,"07EDA1CB-C492-468A-8C4A-9F8514584268",2024-05-06 14:36:24.000000,"p_waarneming","",
320850000,"Lievegem",96981.19191784,206200.54259003,165624,"07EDA1CB-C492-468A-8C4A-9F8514584268",2024-05-06 14:36:24.000000,"p_actie","Volledig traject behandeld",1
320850000,"Lievegem",96981.19191784,206200.54259003,165624,"07EDA1CB-C492-468A-8C4A-9F8514584268",2024-05-06 14:36:24.000000,"p_actie","",
461281022,"Eeklo",94885.99174423,206820.3906102,165625,"72AD5229-9BD7-4728-ABBB-3A04558FA67C",2024-05-06 14:38:36.000000,"p_waarneming","Vastgesteld (in m²)",1
461281022,"Eeklo",94885.99174423,206820.3906102,165625,"72AD5229-9BD7-4728-ABBB-3A04558FA67C",2024-05-06 14:38:36.000000,"p_waarneming","",
461281022,"Eeklo",94885.99174423,206820.3906102,165625,"72AD5229-9BD7-4728-ABBB-3A04558FA67C",2024-05-06 14:38:36.000000,"p_actie","Volledig traject behandeld",1
461281022,"Eeklo",94885.99174423,206820.3906102,165625,"72AD5229-9BD7-4728-ABBB-3A04558FA67C",2024-05-06 14:38:36.000000,"p_actie","",
320640000,"Berlare",126335.12740603,191566.40609802,165845,"E069A7BE-47E9-4BD0-8F5F-1432523ED53C",2024-05-07 06:46:41.000000,"p_waarneming","",
320640000,"Berlare",126335.12740603,191566.40609802,165845,"E069A7BE-47E9-4BD0-8F5F-1432523ED53C",2024-05-07 06:46:41.000000,"p_actie","",
691631025,"Deinze",87292.57456082,185722.14457454,206889,"74D0F805-6BED-4A66-9228-9C8522DC46B6",2024-06-13 07:03:27.000000,"p_waarneming","Vastgesteld (in m²)",20
691631025,"Deinze",87292.57456082,185722.14457454,206889,"74D0F805-6BED-4A66-9228-9C8522DC46B6",2024-06-13 07:03:27.000000,"p_waarneming","",
691631025,"Deinze",87292.57456082,185722.14457454,206889,"74D0F805-6BED-4A66-9228-9C8522DC46B6",2024-06-13 07:03:27.000000,"p_actie","",
377490000,"Gent",104494.25011422,196692.03749395,209499,"DEC6E21C-1A8F-4154-AFE6-E9FB8B4E201D",2024-06-17 09:53:10.000000,"p_waarneming","Niet vastgesteld",1
377490000,"Gent",104494.25011422,196692.03749395,209499,"DEC6E21C-1A8F-4154-AFE6-E9FB8B4E201D",2024-06-17 09:53:10.000000,"p_waarneming","",
377490000,"Gent",104494.25011422,196692.03749395,209499,"DEC6E21C-1A8F-4154-AFE6-E9FB8B4E201D",2024-06-17 09:53:10.000000,"p_actie","Volledig traject behandeld",1
377490000,"Gent",104494.25011422,196692.03749395,209499,"DEC6E21C-1A8F-4154-AFE6-E9FB8B4E201D",2024-06-17 09:53:10.000000,"p_actie","",
705551028,"Lievegem",97180.87715046,202753.58244516,232887,"9A5518F3-3160-4F09-A0FD-B87BB8A9F5E6",2024-07-08 11:19:00.000000,"p_waarneming","Vastgesteld (in m²)",200
705551028,"Lievegem",97180.87715046,202753.58244516,232887,"9A5518F3-3160-4F09-A0FD-B87BB8A9F5E6",2024-07-08 11:19:00.000000,"p_waarneming","",
705551028,"Lievegem",97180.87715046,202753.58244516,232887,"9A5518F3-3160-4F09-A0FD-B87BB8A9F5E6",2024-07-08 11:19:00.000000,"p_actie","",
320850000,"Lievegem",96981.19191784,206200.54259003,243357,"3D847D49-23F1-4AAD-9EE6-FD51C647C190",2024-07-17 12:40:17.000000,"p_waarneming","Niet vastgesteld",1
320850000,"Lievegem",96981.19191784,206200.54259003,243357,"3D847D49-23F1-4AAD-9EE6-FD51C647C190",2024-07-17 12:40:17.000000,"p_waarneming","",
320850000,"Lievegem",96981.19191784,206200.54259003,243357,"3D847D49-23F1-4AAD-9EE6-FD51C647C190",2024-07-17 12:40:17.000000,"p_actie","Volledig traject behandeld",1
320850000,"Lievegem",96981.19191784,206200.54259003,243357,"3D847D49-23F1-4AAD-9EE6-FD51C647C190",2024-07-17 12:40:17.000000,"p_actie","",
377490000,"Gent",104494.25011422,196692.03749395,245197,"EF4247EA-294D-47F2-B1A2-2B77E982C144",2024-07-22 06:59:36.000000,"p_waarneming","Niet vastgesteld",1
377490000,"Gent",104494.25011422,196692.03749395,245197,"EF4247EA-294D-47F2-B1A2-2B77E982C144",2024-07-22 06:59:36.000000,"p_waarneming","",
377490000,"Gent",104494.25011422,196692.03749395,245197,"EF4247EA-294D-47F2-B1A2-2B77E982C144",2024-07-22 06:59:36.000000,"p_actie","Volledig traject behandeld",1
377490000,"Gent",104494.25011422,196692.03749395,245197,"EF4247EA-294D-47F2-B1A2-2B77E982C144",2024-07-22 06:59:36.000000,"p_actie","",
702461021,"Lokeren",126053.61624526,198966.20642673,252950,"2FAE9EAF-9445-4BB3-8C10-09723CAA6E6B",2024-07-31 08:42:49.000000,"p_waarneming","Vastgesteld (in m²)",200
702461021,"Lokeren",126053.61624526,198966.20642673,252950,"2FAE9EAF-9445-4BB3-8C10-09723CAA6E6B",2024-07-31 08:42:49.000000,"p_waarneming","",
702461021,"Lokeren",126053.61624526,198966.20642673,252950,"2FAE9EAF-9445-4BB3-8C10-09723CAA6E6B",2024-07-31 08:42:49.000000,"p_actie","",
723551027,"Lokeren",125650.32263975,198959.46385857,252953,"22126743-5606-44E5-8E8F-A0DECC7CD68F",2024-07-31 08:44:27.000000,"p_waarneming","Vastgesteld (in m²)",200
723551027,"Lokeren",125650.32263975,198959.46385857,252953,"22126743-5606-44E5-8E8F-A0DECC7CD68F",2024-07-31 08:44:27.000000,"p_waarneming","",
723551027,"Lokeren",125650.32263975,198959.46385857,252953,"22126743-5606-44E5-8E8F-A0DECC7CD68F",2024-07-31 08:44:27.000000,"p_actie","",
723561027,"Lokeren",125841.89149332,199226.19171811,252955,"BD4B469F-25AE-42E8-8746-580E9C0497B8",2024-07-31 08:45:59.000000,"p_waarneming","Vastgesteld (in m²)",200
723561027,"Lokeren",125841.89149332,199226.19171811,252955,"BD4B469F-25AE-42E8-8746-580E9C0497B8",2024-07-31 08:45:59.000000,"p_waarneming","",
723561027,"Lokeren",125841.89149332,199226.19171811,252955,"BD4B469F-25AE-42E8-8746-580E9C0497B8",2024-07-31 08:45:59.000000,"p_actie","",
741251021,"Ronse",97544.83910535,161868.96326467,273005,"D35C1C1D-428E-4CAB-B3D5-607CAA4E0E53",2024-08-19 12:40:39.000000,"p_waarneming","Vastgesteld (in m²)",1
741251021,"Ronse",97544.83910535,161868.96326467,273005,"D35C1C1D-428E-4CAB-B3D5-607CAA4E0E53",2024-08-19 12:40:39.000000,"p_waarneming","",
741251021,"Ronse",97544.83910535,161868.96326467,273005,"D35C1C1D-428E-4CAB-B3D5-607CAA4E0E53",2024-08-19 12:40:39.000000,"p_actie","Volledig traject behandeld",1
741251021,"Ronse",97544.83910535,161868.96326467,273005,"D35C1C1D-428E-4CAB-B3D5-607CAA4E0E53",2024-08-19 12:40:39.000000,"p_actie","",
753651021,"Beveren-Kruibeke-Zwijndrecht",138269.78893517,218252.66582911,276251,"10EB5AB2-F131-43D5-A1D3-EDE3414D84FF",2024-08-21 07:50:23.000000,"p_waarneming","Vastgesteld (in m²)",1
753651021,"Beveren-Kruibeke-Zwijndrecht",138269.78893517,218252.66582911,276251,"10EB5AB2-F131-43D5-A1D3-EDE3414D84FF",2024-08-21 07:50:23.000000,"p_waarneming","",
753651021,"Beveren-Kruibeke-Zwijndrecht",138269.78893517,218252.66582911,276251,"10EB5AB2-F131-43D5-A1D3-EDE3414D84FF",2024-08-21 07:50:23.000000,"p_actie","",
757351021,"Eeklo",94861.98174447,206864.19848026,285723,"30F1E5A8-7BB5-47FC-BFD4-777D5A033454",2024-08-28 06:45:58.000000,"p_waarneming","Vastgesteld (in m²)",5
757351021,"Eeklo",94861.98174447,206864.19848026,285723,"30F1E5A8-7BB5-47FC-BFD4-777D5A033454",2024-08-28 06:45:58.000000,"p_waarneming","",
757351021,"Eeklo",94861.98174447,206864.19848026,285723,"30F1E5A8-7BB5-47FC-BFD4-777D5A033454",2024-08-28 06:45:58.000000,"p_actie","Volledig traject behandeld",1
757351021,"Eeklo",94861.98174447,206864.19848026,285723,"30F1E5A8-7BB5-47FC-BFD4-777D5A033454",2024-08-28 06:45:58.000000,"p_actie","",
461281022,"Eeklo",94885.99174423,206820.3906102,285728,"8BDC21D2-0F26-481F-A5A2-4392C03818E2",2024-08-28 06:47:47.000000,"p_waarneming","Vastgesteld (in m²)",1
461281022,"Eeklo",94885.99174423,206820.3906102,285728,"8BDC21D2-0F26-481F-A5A2-4392C03818E2",2024-08-28 06:47:47.000000,"p_waarneming","",
461281022,"Eeklo",94885.99174423,206820.3906102,285728,"8BDC21D2-0F26-481F-A5A2-4392C03818E2",2024-08-28 06:47:47.000000,"p_actie","Deel traject behandeld",1
461281022,"Eeklo",94885.99174423,206820.3906102,285728,"8BDC21D2-0F26-481F-A5A2-4392C03818E2",2024-08-28 06:47:47.000000,"p_actie","",
320850000,"Lievegem",96981.19191784,206200.54259003,286912,"09E11A0C-667B-4113-9737-2A4F59D39AD4",2024-08-28 11:47:41.000000,"p_waarneming","Niet vastgesteld",1
320850000,"Lievegem",96981.19191784,206200.54259003,286912,"09E11A0C-667B-4113-9737-2A4F59D39AD4",2024-08-28 11:47:41.000000,"p_waarneming","",
320850000,"Lievegem",96981.19191784,206200.54259003,286912,"09E11A0C-667B-4113-9737-2A4F59D39AD4",2024-08-28 11:47:41.000000,"p_actie","Volledig traject behandeld",1
320850000,"Lievegem",96981.19191784,206200.54259003,286912,"09E11A0C-667B-4113-9737-2A4F59D39AD4",2024-08-28 11:47:41.000000,"p_actie","",
757351021,"Eeklo",94861.98174447,206864.19848026,291768,"E5138388-C8C6-472A-87AC-AD060C82C163",2024-09-03 18:54:14.000000,"p_waarneming","Vastgesteld (in m²)",5
757351021,"Eeklo",94861.98174447,206864.19848026,291768,"E5138388-C8C6-472A-87AC-AD060C82C163",2024-09-03 18:54:14.000000,"p_waarneming","",
377490000,"Gent",104494.25011422,196692.03749395,318573,"EB2A9B7C-32EC-4850-A90D-B4C290A47D96",2024-09-30 13:55:12.000000,"p_waarneming","Niet vastgesteld",1
377490000,"Gent",104494.25011422,196692.03749395,318573,"EB2A9B7C-32EC-4850-A90D-B4C290A47D96",2024-09-30 13:55:12.000000,"p_waarneming","",
377490000,"Gent",104494.25011422,196692.03749395,318573,"EB2A9B7C-32EC-4850-A90D-B4C290A47D96",2024-09-30 13:55:12.000000,"p_actie","Volledig traject behandeld",1
377490000,"Gent",104494.25011422,196692.03749395,318573,"EB2A9B7C-32EC-4850-A90D-B4C290A47D96",2024-09-30 13:55:12.000000,"p_actie","",
757351021,"Eeklo",94861.98174447,206864.19848026,322097,"2A8F97B7-F2A0-46B9-AC31-4D329B7ED6FB",2024-10-02 11:34:39.000000,"p_waarneming","Vastgesteld (in m²)",5
757351021,"Eeklo",94861.98174447,206864.19848026,322097,"2A8F97B7-F2A0-46B9-AC31-4D329B7ED6FB",2024-10-02 11:34:39.000000,"p_waarneming","",
757351021,"Eeklo",94861.98174447,206864.19848026,322097,"2A8F97B7-F2A0-46B9-AC31-4D329B7ED6FB",2024-10-02 11:34:39.000000,"p_actie","Volledig traject behandeld",1
757351021,"Eeklo",94861.98174447,206864.19848026,322097,"2A8F97B7-F2A0-46B9-AC31-4D329B7ED6FB",2024-10-02 11:34:39.000000,"p_actie","",
819821021,"Dendermonde",134521.08533547,192170.84230207,329750,"23633552-CB90-4BB1-A97F-8E1B7FDD5A90",2024-10-09 13:34:22.000000,"p_waarneming","Niet vastgesteld",1
819821021,"Dendermonde",134521.08533547,192170.84230207,329750,"23633552-CB90-4BB1-A97F-8E1B7FDD5A90",2024-10-09 13:34:22.000000,"p_waarneming","",
819821021,"Dendermonde",134521.08533547,192170.84230207,329750,"23633552-CB90-4BB1-A97F-8E1B7FDD5A90",2024-10-09 13:34:22.000000,"p_actie","",
1584321022,"Assenede",108412.71589673,214860.40856163,489828,"646EF85C-D0F7-4A7E-86A5-4C5B039A36C1",2025-04-07 07:20:43.000000,"p_waarneming","Vastgesteld (in m²)",150
1584321022,"Assenede",108412.71589673,214860.40856163,489828,"646EF85C-D0F7-4A7E-86A5-4C5B039A36C1",2025-04-07 07:20:43.000000,"p_waarneming","",
1832261021,"Deinze",94756.26772354,196627.94733915,538901,"48C833EF-DD26-410C-9BB6-EC43A3EB902A",2025-05-08 12:26:03.000000,"p_waarneming","Niet vastgesteld",1
1832261021,"Deinze",94756.26772354,196627.94733915,538901,"48C833EF-DD26-410C-9BB6-EC43A3EB902A",2025-05-08 12:26:03.000000,"p_waarneming","",
1832261021,"Deinze",94756.26772354,196627.94733915,538901,"48C833EF-DD26-410C-9BB6-EC43A3EB902A",2025-05-08 12:26:03.000000,"p_actie","Volledig traject behandeld",1
1832261021,"Deinze",94756.26772354,196627.94733915,538901,"48C833EF-DD26-410C-9BB6-EC43A3EB902A",2025-05-08 12:26:03.000000,"p_actie","",
377490000,"Gent",104494.25011422,196692.03749395,567423,"0E04CCED-C418-4F3A-88D0-79583E92C8D9",2025-05-21 07:29:31.000000,"p_waarneming","Niet vastgesteld",1
377490000,"Gent",104494.25011422,196692.03749395,567423,"0E04CCED-C418-4F3A-88D0-79583E92C8D9",2025-05-21 07:29:31.000000,"p_waarneming","",
377490000,"Gent",104494.25011422,196692.03749395,567423,"0E04CCED-C418-4F3A-88D0-79583E92C8D9",2025-05-21 07:29:31.000000,"p_actie","Volledig traject behandeld",1
377490000,"Gent",104494.25011422,196692.03749395,567423,"0E04CCED-C418-4F3A-88D0-79583E92C8D9",2025-05-21 07:29:31.000000,"p_actie","",
705551028,"Lievegem",97180.87715046,202753.58244516,577449,"82416463-D976-4C36-B2B0-DE685EA28BFD",2025-05-26 06:47:46.000000,"p_waarneming","Vastgesteld (in m²)",200
705551028,"Lievegem",97180.87715046,202753.58244516,577449,"82416463-D976-4C36-B2B0-DE685EA28BFD",2025-05-26 06:47:46.000000,"p_waarneming","",
705551028,"Lievegem",97180.87715046,202753.58244516,577449,"82416463-D976-4C36-B2B0-DE685EA28BFD",2025-05-26 06:47:46.000000,"p_actie","",
320850000,"Lievegem",96981.19191784,206200.54259003,578264,"F592A116-F98B-4F78-BB6D-FE6BE4386465",2025-05-26 09:40:24.000000,"p_waarneming","Niet vastgesteld",1
320850000,"Lievegem",96981.19191784,206200.54259003,578264,"F592A116-F98B-4F78-BB6D-FE6BE4386465",2025-05-26 09:40:24.000000,"p_waarneming","",
320850000,"Lievegem",96981.19191784,206200.54259003,578264,"F592A116-F98B-4F78-BB6D-FE6BE4386465",2025-05-26 09:40:24.000000,"p_actie","Volledig traject behandeld",1
320850000,"Lievegem",96981.19191784,206200.54259003,578264,"F592A116-F98B-4F78-BB6D-FE6BE4386465",2025-05-26 09:40:24.000000,"p_actie","",
757351021,"Eeklo",94861.98174447,206864.19848026,579449,"81C703E9-BCF3-47B7-89B6-4191324229D3",2025-05-26 11:02:07.000000,"p_waarneming","Vastgesteld (in m²)",5
757351021,"Eeklo",94861.98174447,206864.19848026,579449,"81C703E9-BCF3-47B7-89B6-4191324229D3",2025-05-26 11:02:07.000000,"p_waarneming","",
757351021,"Eeklo",94861.98174447,206864.19848026,579450,"2D238B4F-26B2-4908-8C70-88BEAA282AFA",2025-05-26 11:03:03.000000,"p_waarneming","Vastgesteld (in m²)",5
757351021,"Eeklo",94861.98174447,206864.19848026,579450,"2D238B4F-26B2-4908-8C70-88BEAA282AFA",2025-05-26 11:03:03.000000,"p_waarneming","",
757351021,"Eeklo",94861.98174447,206864.19848026,579450,"2D238B4F-26B2-4908-8C70-88BEAA282AFA",2025-05-26 11:03:03.000000,"p_actie","Volledig traject behandeld",1
757351021,"Eeklo",94861.98174447,206864.19848026,579450,"2D238B4F-26B2-4908-8C70-88BEAA282AFA",2025-05-26 11:03:03.000000,"p_actie","",
534411028,"Evergem",106114.86835216,203826.94628685,578659,"7E71665B-B037-4E6C-8C70-98D8DCAE1E86",2025-05-26 09:11:37.000000,"p_waarneming","Vastgesteld (in m²)",100
534411028,"Evergem",106114.86835216,203826.94628685,578659,"7E71665B-B037-4E6C-8C70-98D8DCAE1E86",2025-05-26 09:11:37.000000,"p_waarneming","",
534411028,"Evergem",106114.86835216,203826.94628685,578659,"7E71665B-B037-4E6C-8C70-98D8DCAE1E86",2025-05-26 09:11:37.000000,"p_actie","",
1847721027,"Berlare",120183.37270588,189506.3762605,593079,"1EC47CA3-BB63-4E69-88CD-DD73C1E80521",2025-06-02 10:02:08.000000,"p_waarneming","Vastgesteld (in m²)",1
1847721027,"Berlare",120183.37270588,189506.3762605,593079,"1EC47CA3-BB63-4E69-88CD-DD73C1E80521",2025-06-02 10:02:08.000000,"p_waarneming","",
1847721027,"Berlare",120183.37270588,189506.3762605,593079,"1EC47CA3-BB63-4E69-88CD-DD73C1E80521",2025-06-02 10:02:08.000000,"p_actie","Volledig traject behandeld",1
1847721027,"Berlare",120183.37270588,189506.3762605,593079,"1EC47CA3-BB63-4E69-88CD-DD73C1E80521",2025-06-02 10:02:08.000000,"p_actie","",
1851471058,"Geraardsbergen",118784.24075696,159388.69903576,605947,"ACDB8FE1-9B7D-458B-B353-315558AA2CF3",2025-06-06 12:35:26.000000,"p_waarneming","Vastgesteld (in m²)",10
1851471058,"Geraardsbergen",118784.24075696,159388.69903576,605947,"ACDB8FE1-9B7D-458B-B353-315558AA2CF3",2025-06-06 12:35:26.000000,"p_waarneming","",
1851471058,"Geraardsbergen",118784.24075696,159388.69903576,605947,"ACDB8FE1-9B7D-458B-B353-315558AA2CF3",2025-06-06 12:35:26.000000,"p_actie","",
320850000,"Lievegem",96981.19191784,206200.54259003,687166,"687532AC-68C3-42C5-A278-4050E744BA76",2025-07-14 12:32:54.000000,"p_waarneming","Niet vastgesteld",1
320850000,"Lievegem",96981.19191784,206200.54259003,687166,"687532AC-68C3-42C5-A278-4050E744BA76",2025-07-14 12:32:54.000000,"p_waarneming","",
320850000,"Lievegem",96981.19191784,206200.54259003,687166,"687532AC-68C3-42C5-A278-4050E744BA76",2025-07-14 12:32:54.000000,"p_actie","Volledig traject behandeld",1
320850000,"Lievegem",96981.19191784,206200.54259003,687166,"687532AC-68C3-42C5-A278-4050E744BA76",2025-07-14 12:32:54.000000,"p_actie","",
757351021,"Eeklo",94861.98174447,206864.19848026,687165,"2E1CF06F-860B-4591-AF87-2268654018D0",2025-07-14 12:32:10.000000,"p_waarneming","Vastgesteld (in m²)",5
757351021,"Eeklo",94861.98174447,206864.19848026,687165,"2E1CF06F-860B-4591-AF87-2268654018D0",2025-07-14 12:32:10.000000,"p_waarneming","",
757351021,"Eeklo",94861.98174447,206864.19848026,687165,"2E1CF06F-860B-4591-AF87-2268654018D0",2025-07-14 12:32:10.000000,"p_actie","Volledig traject behandeld",1
757351021,"Eeklo",94861.98174447,206864.19848026,687165,"2E1CF06F-860B-4591-AF87-2268654018D0",2025-07-14 12:32:10.000000,"p_actie","",
